-- phpMyAdmin SQL Dump
-- version 4.9.0.1
-- https://www.phpmyadmin.net/
--
-- Host: 127.0.0.1
-- Waktu pembuatan: 03 Bulan Mei 2020 pada 04.10
-- Versi server: 10.3.16-MariaDB
-- Versi PHP: 7.3.7

SET SQL_MODE = "NO_AUTO_VALUE_ON_ZERO";
SET AUTOCOMMIT = 0;
START TRANSACTION;
SET time_zone = "+00:00";


/*!40101 SET @OLD_CHARACTER_SET_CLIENT=@@CHARACTER_SET_CLIENT */;
/*!40101 SET @OLD_CHARACTER_SET_RESULTS=@@CHARACTER_SET_RESULTS */;
/*!40101 SET @OLD_COLLATION_CONNECTION=@@COLLATION_CONNECTION */;
/*!40101 SET NAMES utf8mb4 */;

--
-- Database: `penjualan`
--

-- --------------------------------------------------------

--
-- Struktur dari tabel `barang`
--

CREATE TABLE `barang` (
  `id_barang` int(11) NOT NULL,
  `code_barang` varchar(100) NOT NULL,
  `nama_barang` varchar(100) NOT NULL,
  `harga_beli` varchar(50) NOT NULL,
  `harga` varchar(100) NOT NULL,
  `merk` varchar(100) NOT NULL,
  `stock` varchar(100) NOT NULL,
  `expire` varchar(100) NOT NULL
) ENGINE=InnoDB DEFAULT CHARSET=latin1;

--
-- Dumping data untuk tabel `barang`
--

INSERT INTO `barang` (`id_barang`, `code_barang`, `nama_barang`, `harga_beli`, `harga`, `merk`, `stock`, `expire`) VALUES
(7, '321', 'INDOMIE GORENG RASA TEMPE PENYET', '2500', '3000', 'INDOMIE', '0', '2019-09-21'),
(13, '456', 'MALKIS ROMA LAPIS COKLAT', '', '2000', 'MALKIS', '18', '2019-09-27'),
(14, '241', 'COCA-COLA', '', '5000', 'COCA-COLA', '13', '2019-09-20'),
(16, '658', 'SUSU KENTAL MANIS', '', '2000', 'SUSU', '18', '2019-09-27'),
(17, '567', 'FANTA', '', '2000', 'FANTA', '14', '2019-09-20'),
(18, '657', 'MIE SEDAP RASA SOTO', '', '2000', 'MIE SEDAP', '4', '2019-09-20'),
(19, '674', 'INDOMIE GORENG RASA AYAM BAWAN', '', '2000', 'INDOMIE', '20', '2020-04-28'),
(25, '867', 'SUSU', '', '2000', 'SUSU', '18', '2019-09-25'),
(26, '990', 'SARI ROTI RASA COKLAT', '', '5000', 'SARI ROTI', '32', '2019-10-31'),
(27, ' 101', 'INDOMIE KUAH RASA SOTO', '1500', '2000', 'INDOMIE', '50', '2020-04-28');

-- --------------------------------------------------------

--
-- Struktur dari tabel `karyawan`
--

CREATE TABLE `karyawan` (
  `id_karyawan` int(11) NOT NULL,
  `user` varchar(100) NOT NULL,
  `password` varchar(100) NOT NULL,
  `nama_karyawan` varchar(100) NOT NULL
) ENGINE=InnoDB DEFAULT CHARSET=latin1;

-- --------------------------------------------------------

--
-- Struktur dari tabel `log`
--

CREATE TABLE `log` (
  `ID` int(11) NOT NULL,
  `User_ID` varchar(50) NOT NULL,
  `Log` varchar(100) NOT NULL,
  `Tgl` varchar(50) NOT NULL
) ENGINE=InnoDB DEFAULT CHARSET=latin1;

--
-- Dumping data untuk tabel `log`
--

INSERT INTO `log` (`ID`, `User_ID`, `Log`, `Tgl`) VALUES
(1, '-', 'Login Error', '2020-03-23 22:00:42.525'),
(2, '1', 'Login Successfuly', '3/23/2020, 10:02:09 PM'),
(3, '1', 'Login Successfuly', '3/23/2020, 10:04:09 PM'),
(4, '2', 'Login Successfuly', '3/23/2020, 10:06:23 PM'),
(5, '2', 'Logout Successfuly', '3/23/2020, 10:06:32 PM'),
(6, '2', 'Login Successfuly', '3/23/2020, 10:11:07 PM'),
(7, '2', 'Login Successfuly', '3/23/2020, 10:12:41 PM'),
(8, '2', 'Successfuly save order with code penjualan 85', '3/23/2020, 10:13:13 PM'),
(9, '1', 'Login Successfuly', '3/23/2020, 10:20:07 PM'),
(10, '1', 'Login Successfuly', '3/23/2020, 10:20:47 PM'),
(11, '1', 'Successfuly update barang with code_barang: 674', '3/23/2020, 10:21:31 PM'),
(12, 'sandy', 'Login Error', '3/23/2020, 10:25:47 PM'),
(13, '1', 'Login Successfuly', '3/23/2020, 10:29:37 PM'),
(14, '1', 'Login Successfuly', '3/23/2020, 11:04:52 PM'),
(15, '1', 'Login Successfuly', '3/23/2020, 11:24:37 PM'),
(16, 'gaelle', 'Login Error', '3/23/2020, 11:28:58 PM'),
(17, '2', 'Login Successfuly', '3/23/2020, 11:29:03 PM'),
(18, '2', 'Logout Successfuly', '3/23/2020, 11:29:38 PM'),
(19, '', 'Login Error', '3/23/2020, 11:33:38 PM'),
(20, '2', 'Login Successfuly', '3/23/2020, 11:33:56 PM'),
(21, '2', 'Logout Successfuly', '3/23/2020, 11:33:59 PM'),
(22, 'admin', 'Login Error', '5/3/2020, 8:59:10 AM'),
(23, '2', 'Login Successfuly', '5/3/2020, 8:59:14 AM'),
(24, '2', 'Logout Successfuly', '5/3/2020, 8:59:42 AM'),
(25, '1', 'Login Successfuly', '5/3/2020, 8:59:46 AM'),
(26, '1', 'Successfuly save order with code penjualan 86', '5/3/2020, 9:05:30 AM');

-- --------------------------------------------------------

--
-- Struktur dari tabel `master_penjualan`
--

CREATE TABLE `master_penjualan` (
  `id_master` int(11) NOT NULL,
  `code_penjualan` varchar(100) NOT NULL,
  `id_karyawan` varchar(100) NOT NULL,
  `total_pembelian` varchar(100) NOT NULL
) ENGINE=InnoDB DEFAULT CHARSET=latin1;

--
-- Dumping data untuk tabel `master_penjualan`
--

INSERT INTO `master_penjualan` (`id_master`, `code_penjualan`, `id_karyawan`, `total_pembelian`) VALUES
(15, '1', 'K001', ''),
(16, '2', 'K001', ''),
(17, '3', 'K001', ''),
(18, '4', 'K001', ''),
(19, '5', 'K001', ''),
(20, '6', 'K001', ''),
(21, '7', 'K001', ''),
(22, '8', 'K001', ''),
(23, '9', 'K001', ''),
(24, '10', 'K001', ''),
(25, '11', 'K001', ''),
(26, '12', 'K001', ''),
(27, '13', 'K001', ''),
(28, '14', 'K001', ''),
(29, '15', 'K001', ''),
(30, '16', 'K001', ''),
(31, '17', 'K001', ''),
(32, '18', 'K001', '6000'),
(33, '19', 'K001', '23000'),
(34, '20', 'K001', '9000'),
(35, '21', 'K001', '23000'),
(36, '22', 'K001', '3000'),
(37, '23', 'K001', '9000'),
(38, '24', 'K001', '36000'),
(39, '25', 'K001', '12000'),
(43, '26', 'K001', ''),
(44, '27', 'K001', '27000'),
(45, '28', 'K001', '9000'),
(46, '29', 'K001', '12000'),
(47, '30', 'K001', '20000'),
(48, '31', 'K001', '27000'),
(49, '32', 'K001', '4000'),
(50, '33', 'K001', '6000'),
(51, '34', 'K001', '10000'),
(52, '35', 'K001', '2000'),
(53, '36', 'K001', '5000'),
(54, '37', 'K001', ''),
(55, '38', 'K001', ''),
(56, '39', 'K001', '2000'),
(57, '40', 'K001', '9000'),
(58, '41', 'K001', '4000'),
(59, '42', 'K001', '4000'),
(60, '43', 'K001', '7000'),
(61, '44', 'K001', '8000'),
(62, '45', 'K001', '7000'),
(63, '46', 'K001', '5000'),
(64, '47', 'K001', '4000'),
(65, '48', 'K001', '4000'),
(66, '49', 'K001', '4000'),
(67, '50', 'K001', '8000'),
(68, '51', 'K001', '6000'),
(69, '52', 'K001', '2000'),
(70, '53', 'K001', '7000'),
(71, '54', 'K001', '5000'),
(72, '55', 'K001', '16000'),
(73, '56', 'K001', '2000'),
(74, '57', 'K001', '2000'),
(75, '58', 'K001', '6000'),
(76, '59', 'K001', '2000'),
(77, '60', 'K001', '2000'),
(78, '61', 'K001', '2000'),
(79, '62', 'K001', '5000'),
(80, '63', 'K001', '2000'),
(81, '64', 'K001', '2000'),
(82, '65', 'K001', '5000'),
(83, '66', 'K001', '5000'),
(84, '67', 'K001', '5000'),
(85, '68', 'K001', '5000'),
(86, '69', 'K001', '5000'),
(87, '70', 'K001', '5000'),
(88, '71', 'K001', '5000'),
(89, '72', 'K001', '5000'),
(90, '73', 'K001', '5000'),
(91, '74', 'K001', '5000'),
(92, '75', 'K001', '5000'),
(93, '76', 'K001', '2000'),
(94, '77', 'K001', '5000'),
(95, '78', 'K001', '5000'),
(96, '79', 'K001', '2000'),
(97, '80', 'K001', '4000'),
(98, '81', 'K001', ''),
(99, '82', 'K001', '');

-- --------------------------------------------------------

--
-- Struktur dari tabel `pembeli`
--

CREATE TABLE `pembeli` (
  `id_pembeli` int(11) NOT NULL,
  `nama_pemblei` varchar(100) NOT NULL,
  `no_hp` varchar(100) NOT NULL
) ENGINE=InnoDB DEFAULT CHARSET=latin1;

-- --------------------------------------------------------

--
-- Struktur dari tabel `penjualan`
--

CREATE TABLE `penjualan` (
  `id_penjualan` int(11) NOT NULL,
  `code_penjualan` varchar(100) NOT NULL,
  `tgl_penjualan` varchar(50) NOT NULL,
  `jml_barang` varchar(100) NOT NULL,
  `total` varchar(100) NOT NULL,
  `id_pembeli` varchar(50) NOT NULL,
  `id_karyawan` varchar(50) NOT NULL,
  `code_barang` varchar(50) NOT NULL
) ENGINE=InnoDB DEFAULT CHARSET=latin1;

--
-- Dumping data untuk tabel `penjualan`
--

INSERT INTO `penjualan` (`id_penjualan`, `code_penjualan`, `tgl_penjualan`, `jml_barang`, `total`, `id_pembeli`, `id_karyawan`, `code_barang`) VALUES
(72, '1', '2019/09/18', '3', '9000', 'P001', 'K001', '321'),
(73, '1', '2019/09/18', '5', '10000', 'P001', 'K001', '456'),
(74, '2', '2019/09/18', '7', '14000', 'P001', 'K001', '456'),
(75, '2', '2019/09/18', '3', '15000', 'P001', 'K001', '241'),
(76, '3', '2019/09/18', '4', '8000', 'P001', 'K001', '658'),
(77, '3', '2019/09/18', '2', '4000', 'P001', 'K001', '657'),
(78, '3', '2019/09/18', '6', '12000', 'P001', 'K001', '674'),
(80, '4', '2019/09/18', '5', '10000', 'P001', 'K001', '657'),
(82, '5', '2019/09/18', '3', '9000', 'P001', 'K001', '321'),
(83, '6', '2019/09/18', '4', '12000', 'P001', 'K001', '321'),
(84, '6', '2019/09/18', '6', '12000', 'P001', 'K001', '456'),
(85, '7', '2019/09/18', '3', '6000', 'P001', 'K001', '567'),
(86, '7', '2019/09/18', '5', '10000', 'P001', 'K001', '867'),
(87, '8', '2019/09/18', '2', '4000', 'P001', 'K001', '657'),
(88, '8', '2019/09/18', '5', '10000', 'P001', 'K001', '674'),
(89, '9', '2019/09/18', '3', '9000', 'P001', 'K001', '321'),
(90, '10', '2019/09/18', '3', '9000', 'P001', 'K001', '321'),
(91, '11', '2019/09/18', '3', '9000', 'P001', 'K001', '321'),
(92, '11', '2019/09/18', '3', '6000', 'P001', 'K001', '456'),
(93, '12', '2019/09/18', '4', '20000', 'P001', 'K001', '241'),
(94, '12', '2019/09/18', '5', '10000', 'P001', 'K001', '658'),
(95, '13', '2019/09/18', '3', '9000', 'P001', 'K001', '321'),
(96, '14', '2019/09/18', '3', '6000', 'P001', 'K001', '456'),
(97, '14', '2019/09/18', '3', '9000', 'P001', 'K001', '321'),
(98, '14', '2019/09/18', '1', '5000', 'P001', 'K001', '241'),
(99, '15', '2019/09/18', '3', '9000', 'P001', 'K001', '321'),
(100, '15', '2019/09/18', '3', '6000', 'P001', 'K001', '456'),
(101, '16', '2019/09/18', '3', '9000', 'P001', 'K001', '321'),
(102, '17', '2019/09/18', '3', '6000', 'P001', 'K001', '867'),
(103, '17', '2019/09/18', '3', '9000', 'P001', 'K001', '321'),
(104, '17', '2019/09/18', '2', '10000', 'P001', 'K001', '241'),
(105, '18', '2019/09/18', '3', '6000', 'P001', 'K001', '658'),
(106, '19', '2019/09/18', '3', '9000', 'P001', 'K001', '321'),
(107, '19', '2019/09/18', '4', '8000', 'P001', 'K001', '456'),
(108, '19', '2019/09/18', '3', '6000', 'P001', 'K001', '658'),
(109, '20', '2019/09/18', '3', '9000', 'P001', 'K001', '321'),
(110, '21', '2019/09/18', '5', '15000', 'P001', 'K001', '321'),
(111, '21', '2019/09/18', '4', '8000', 'P001', 'K001', '456'),
(112, '22', '2019/09/18', '1', '3000', 'P001', 'K001', '321'),
(113, '23', '2019/09/18', '3', '9000', 'P001', 'K001', '321'),
(114, '24', '2019/09/19', '3', '6000', 'P001', 'K001', '674'),
(115, '24', '2019/09/19', '10', '30000', 'P001', 'K001', '321'),
(116, '25', '2019/09/19', '4', '12000', 'P001', 'K001', '321'),
(124, '26', '2019/09/19', '3', '6000', 'P001', 'K001', '657'),
(125, '27', '2019/09/19', '3', '15000', 'P001', 'K001', '241'),
(126, '27', '2019/09/19', '6', '12000', 'P001', 'K001', '658'),
(127, '28', '2019/09/19', '3', '9000', 'P001', 'K001', '321'),
(128, '29', '2019/09/19', '4', '12000', 'P001', 'K001', '321'),
(129, '30', '2019/09/19', '4', '8000', 'P001', 'K001', '867'),
(130, '30', '2019/09/19', '4', '12000', 'P001', 'K001', '321'),
(131, '31', '2019/09/19', '9', '27000', 'P001', 'K001', '321'),
(132, '32', '2019/09/19', '2', '4000', 'P001', 'K001', '674'),
(133, '33', '2019/09/19', '3', '6000', 'P001', 'K001', '674'),
(134, '34', '2019/09/19', '5', '10000', 'P001', 'K001', '567'),
(135, '35', '2019/09/19', '1', '2000', 'P001', 'K001', '456'),
(136, '36', '2019/09/19', '1', '5000', 'P001', 'K001', '241'),
(140, '37', '2019/09/19', '2', '10000', 'P001', 'K001', '241'),
(180, '38', '2019/09/19', '1', '2000', 'P001', 'K001', '658'),
(219, '39', '2019/09/19', '2', '4000', 'P001', 'K001', '658'),
(222, '40', '2019/09/19', '2', '4000', 'P001', 'K001', '658'),
(223, '40', '2019/09/19', '1', '5000', 'P001', 'K001', '241'),
(224, '41', '2019/09/19', '1', '2000', 'P001', 'K001', '567'),
(225, '41', '2019/09/19', '1', '2000', 'P001', 'K001', '657'),
(226, '42', '2019/09/19', '2', '4000', 'P001', 'K001', '674'),
(227, '43', '2019/09/19', '1', '5000', 'P001', 'K001', '241'),
(228, '43', '2019/09/19', '1', '2000', 'P001', 'K001', '658'),
(229, '44', '2019/09/19', '3', '6000', 'P001', 'K001', '657'),
(230, '44', '2019/09/19', '1', '2000', 'P001', 'K001', '567'),
(231, '45', '2019/09/19', '1', '5000', 'P001', 'K001', '241'),
(232, '45', '2019/09/19', '1', '2000', 'P001', 'K001', '456'),
(237, '46', '2019/09/19', '1', '2000', 'P001', 'K001', '456'),
(238, '46', '2019/09/19', '1', '3000', 'P001', 'K001', '321'),
(239, '47', '2019/09/19', '1', '2000', 'P001', 'K001', '456'),
(240, '47', '2019/09/19', '1', '2000', 'P001', 'K001', '658'),
(241, '48', '2019/09/19', '2', '4000', 'P001', 'K001', '674'),
(242, '49', '2019/09/19', '2', '4000', 'P001', 'K001', '657'),
(243, '50', '2019/09/19', '2', '6000', 'P001', 'K001', '321'),
(244, '50', '2019/09/19', '1', '2000', 'P001', 'K001', '657'),
(245, '51', '2019/09/19', '2', '4000', 'P001', 'K001', '867'),
(246, '51', '2019/09/19', '1', '2000', 'P001', 'K001', '674'),
(247, '52', '2019/09/19', '1', '2000', 'P001', 'K001', '658'),
(250, '53', '2019/09/19', '2', '4000', 'P001', 'K001', '658'),
(251, '53', '2019/09/19', '1', '3000', 'P001', 'K001', '321'),
(341, '54', '2019/09/19', '1', '3000', 'P001', 'K001', '321'),
(342, '54', '2019/09/19', '1', '2000', 'P001', 'K001', '456'),
(343, '55', '2019/09/29', '4', '8000', 'P001', 'K001', '456'),
(344, '55', '2019/09/29', '4', '8000', 'P001', 'K001', ' 101'),
(347, '56', '2019/09/29', '1', '2000', 'P001', 'K001', '867'),
(350, '57', '2019/09/29', '1', '2000', 'P001', 'K001', '657'),
(352, '58', '2019/09/29', '2', '6000', 'P001', 'K001', '321'),
(353, '59', '2019/09/29', '1', '2000', 'P001', 'K001', '657'),
(354, '60', '2019/09/29', '1', '2000', 'P001', 'K001', '674'),
(355, '61', '2019/09/29', '1', '2000', 'P001', 'K001', '658'),
(356, '62', '2019/09/29', '1', '5000', 'P001', 'K001', '990'),
(357, '63', '2019/09/29', '1', '2000', 'P001', 'K001', '867'),
(358, '64', '2019/09/29', '1', '2000', 'P001', 'K001', '658'),
(359, '65', '2019/09/29', '1', '5000', 'P001', 'K001', '990'),
(361, '71', '2019/09/29', '1', '5000', 'P001', 'K001', '990'),
(362, '72', '2019/09/29', '1', '5000', 'P001', 'K001', '990'),
(363, '73', '2019/09/29', '1', '5000', 'P001', 'K001', '241'),
(365, '76', '2019/09/29', '1', '2000', 'P001', 'K001', '567'),
(366, '77', '2019/09/29', '1', '5000', 'P001', 'K001', '241'),
(367, '78', '2019/09/29', '1', '5000', 'P001', 'K001', '241'),
(368, '79', '2019/09/29', '1', '2000', 'P001', 'K001', '867'),
(372, '80', '2019/09/29', '2', '4000', 'P003', 'K001', '658'),
(377, '81', '3/21/2020, 10:52:40 PM', '5', '15000', 'P001', 'K001', '321'),
(378, '81', '3/21/2020, 10:52:40 PM', '5', '25000', 'P001', 'K001', '241'),
(379, '82', '3/20/2020, 11:08:51 PM', '1', '3000', 'P001', 'K001', '321'),
(380, '82', '3/20/2020, 11:08:51 PM', '2', '4000', 'P001', 'K001', '657'),
(381, '83', '3/22/2020, 10:31:12 AM', '2', '6000', 'P001', 'K001', '321'),
(382, '83', '3/22/2020, 10:31:12 AM', '5', '10000', 'P001', 'K001', '456'),
(383, '83', '3/22/2020, 10:31:12 AM', '3', '15000', 'P001', 'K001', '241'),
(384, '84', '3/23/2020, 10:11:40 PM', '2', '4000', 'P001', 'K002', '456'),
(385, '85', '3/23/2020, 10:13:13 PM', '2', '4000', 'P001', 'K002', '456'),
(386, '85', '3/23/2020, 10:13:13 PM', '2', '4000', 'P001', 'K002', '658'),
(387, '86', '5/3/2020, 9:05:30 AM', '2', '6000', 'P001', 'K001', '321'),
(388, '86', '5/3/2020, 9:05:30 AM', '2', '10000', 'P001', 'K001', '241'),
(389, '86', '5/3/2020, 9:05:30 AM', '1', '2000', 'P001', 'K001', '657');

-- --------------------------------------------------------

--
-- Struktur dari tabel `users`
--

CREATE TABLE `users` (
  `id_user` int(11) NOT NULL,
  `username` varchar(100) NOT NULL,
  `password` varchar(100) NOT NULL,
  `nama_user` varchar(100) NOT NULL,
  `level` varchar(50) NOT NULL,
  `status` varchar(50) NOT NULL
) ENGINE=InnoDB DEFAULT CHARSET=latin1;

--
-- Dumping data untuk tabel `users`
--

INSERT INTO `users` (`id_user`, `username`, `password`, `nama_user`, `level`, `status`) VALUES
(1, 'sandy', 'sandy', 'Sandy Wajongkere', 'admin', 'active'),
(2, 'gaelle', 'gaelle', 'Gaelle Makagiansar', 'operation', 'active');

--
-- Indexes for dumped tables
--

--
-- Indeks untuk tabel `barang`
--
ALTER TABLE `barang`
  ADD PRIMARY KEY (`id_barang`);

--
-- Indeks untuk tabel `karyawan`
--
ALTER TABLE `karyawan`
  ADD PRIMARY KEY (`id_karyawan`);

--
-- Indeks untuk tabel `log`
--
ALTER TABLE `log`
  ADD PRIMARY KEY (`ID`);

--
-- Indeks untuk tabel `master_penjualan`
--
ALTER TABLE `master_penjualan`
  ADD PRIMARY KEY (`id_master`);

--
-- Indeks untuk tabel `pembeli`
--
ALTER TABLE `pembeli`
  ADD PRIMARY KEY (`id_pembeli`);

--
-- Indeks untuk tabel `penjualan`
--
ALTER TABLE `penjualan`
  ADD PRIMARY KEY (`id_penjualan`);

--
-- Indeks untuk tabel `users`
--
ALTER TABLE `users`
  ADD PRIMARY KEY (`id_user`);

--
-- AUTO_INCREMENT untuk tabel yang dibuang
--

--
-- AUTO_INCREMENT untuk tabel `barang`
--
ALTER TABLE `barang`
  MODIFY `id_barang` int(11) NOT NULL AUTO_INCREMENT, AUTO_INCREMENT=28;

--
-- AUTO_INCREMENT untuk tabel `karyawan`
--
ALTER TABLE `karyawan`
  MODIFY `id_karyawan` int(11) NOT NULL AUTO_INCREMENT;

--
-- AUTO_INCREMENT untuk tabel `log`
--
ALTER TABLE `log`
  MODIFY `ID` int(11) NOT NULL AUTO_INCREMENT, AUTO_INCREMENT=27;

--
-- AUTO_INCREMENT untuk tabel `master_penjualan`
--
ALTER TABLE `master_penjualan`
  MODIFY `id_master` int(11) NOT NULL AUTO_INCREMENT, AUTO_INCREMENT=100;

--
-- AUTO_INCREMENT untuk tabel `pembeli`
--
ALTER TABLE `pembeli`
  MODIFY `id_pembeli` int(11) NOT NULL AUTO_INCREMENT;

--
-- AUTO_INCREMENT untuk tabel `penjualan`
--
ALTER TABLE `penjualan`
  MODIFY `id_penjualan` int(11) NOT NULL AUTO_INCREMENT, AUTO_INCREMENT=390;

--
-- AUTO_INCREMENT untuk tabel `users`
--
ALTER TABLE `users`
  MODIFY `id_user` int(11) NOT NULL AUTO_INCREMENT, AUTO_INCREMENT=3;
COMMIT;

/*!40101 SET CHARACTER_SET_CLIENT=@OLD_CHARACTER_SET_CLIENT */;
/*!40101 SET CHARACTER_SET_RESULTS=@OLD_CHARACTER_SET_RESULTS */;
/*!40101 SET COLLATION_CONNECTION=@OLD_COLLATION_CONNECTION */;
